event,tier,onsetQ_off_min,onsetT_off_min,W1_start_rel_min,W2_start_rel_min,corridor_start_rel_min,W1_flag,W2_detect
KXATPMATCH-26JUN24ALTBER,ATP_MAIN,12.2,13.0,12.2,13.0,-7.0,trim,True
KXATPMATCH-26JUN24BASGEN,ATP_MAIN,10.1,,10.1,,,trim,False
KXATPMATCH-26JUN24BERROD,ATP_MAIN,8.2,159.1,8.2,159.1,139.1,trim,True
KXATPMATCH-26JUN24BOYPEL,ATP_MAIN,115.1,,115.1,,,trim,False
KXATPMATCH-26JUN24BUDDOD,ATP_MAIN,225.0,254.0,225.0,254.0,234.0,trim,True
KXATPMATCH-26JUN24CASQUI,ATP_MAIN,12.0,55.0,12.0,55.0,35.0,trim,True
KXATPMATCH-26JUN24CORSAK,ATP_MAIN,54.0,13.1,54.0,13.1,-6.9,trim,True
KXATPMATCH-26JUN24DIAETC,ATP_MAIN,53.0,53.0,53.0,53.0,33.0,trim,True
KXATPMATCH-26JUN24DRAPIN,ATP_MAIN,90.1,105.2,90.1,105.2,85.2,trim,True
KXATPMATCH-26JUN24FERCER,ATP_MAIN,63.0,52.0,63.0,52.0,32.0,trim,True
KXATPMATCH-26JUN24GALTAR,ATP_MAIN,14.0,,14.0,,,trim,False
KXATPMATCH-26JUN24GAUSEA,ATP_MAIN,164.2,179.0,164.2,179.0,159.0,trim,True
KXATPMATCH-26JUN24GILCHO,ATP_MAIN,6.1,74.0,6.1,74.0,54.0,trim,True
KXATPMATCH-26JUN24HUMBRO,ATP_MAIN,-976.5,34.0,-976.5,34.0,14.0,EXTEND,True
KXATPMATCH-26JUN24HUSHAL,ATP_MAIN,10.0,,10.0,,,trim,False
KXATPMATCH-26JUN24JUBBAR,ATP_MAIN,-1710.6,171.0,-1710.6,171.0,151.0,EXTEND,True
KXATPMATCH-26JUN24KOPBUS,ATP_MAIN,8.0,9.0,8.0,9.0,-11.0,trim,True
KXATPMATCH-26JUN24KYMHOL,ATP_MAIN,139.1,166.0,139.1,166.0,146.0,trim,True
KXATPMATCH-26JUN24LLAMAR,ATP_MAIN,122.4,,122.4,,,trim,False
KXATPMATCH-26JUN24MCDCAR,ATP_MAIN,106.0,,106.0,,,trim,False
KXATPMATCH-26JUN24MEJHEI,ATP_MAIN,15.0,62.0,15.0,62.0,42.0,trim,True
KXATPMATCH-26JUN24MORMAY,ATP_MAIN,195.0,239.0,195.0,239.0,219.0,trim,True
KXATPMATCH-26JUN24NARVIR,ATP_MAIN,91.0,161.0,91.0,161.0,141.0,trim,True
KXATPMATCH-26JUN24ONCMOC,ATP_MAIN,11.0,44.0,11.0,44.0,24.0,trim,True
KXATPMATCH-26JUN24RODLAJ,ATP_MAIN,124.1,178.0,124.1,178.0,158.0,trim,True
KXATPMATCH-26JUN24SAMTIR,ATP_MAIN,-796.1,45.0,-796.1,45.0,25.0,EXTEND,True
KXATPMATCH-26JUN24SHEDIM,ATP_MAIN,68.0,68.0,68.0,68.0,48.0,trim,True
KXATPMATCH-26JUN24SMIECH,ATP_MAIN,174.1,196.0,174.1,196.0,176.0,trim,True
KXWTAMATCH-26JUN24ADETAN,WTA_MAIN,7.1,,7.1,,,trim,False
KXWTAMATCH-26JUN24ALEAND,WTA_MAIN,60.0,9.0,60.0,9.0,-11.0,trim,True
KXWTAMATCH-26JUN24ANDDAY,WTA_MAIN,105.1,,105.1,,,trim,False
KXWTAMATCH-26JUN24ANDTEI,WTA_MAIN,107.2,134.0,107.2,134.0,114.0,trim,True
KXWTAMATCH-26JUN24BOLKIN,WTA_MAIN,205.3,254.1,205.3,254.1,234.1,trim,True
KXWTAMATCH-26JUN24BOUKEY,WTA_MAIN,9.0,,9.0,,,trim,False
KXWTAMATCH-26JUN24CARVAN,WTA_MAIN,121.4,212.1,121.4,212.1,192.1,trim,True
KXWTAMATCH-26JUN24GARGRA,WTA_MAIN,8.2,,8.2,,,trim,False
KXWTAMATCH-26JUN24GASJON,WTA_MAIN,102.1,177.0,102.1,177.0,157.0,trim,True
KXWTAMATCH-26JUN24GORJEA,WTA_MAIN,89.2,131.0,89.2,131.0,111.0,trim,True
KXWTAMATCH-26JUN24IATBAI,WTA_MAIN,204.2,257.0,204.2,257.0,237.0,trim,True
KXWTAMATCH-26JUN24JORGJO,WTA_MAIN,121.3,177.1,121.3,177.1,157.1,trim,True
KXWTAMATCH-26JUN24KALRUS,WTA_MAIN,30.1,51.0,30.1,51.0,31.0,trim,True
KXWTAMATCH-26JUN24KAWSTE,WTA_MAIN,144.0,205.0,144.0,205.0,185.0,trim,True
KXWTAMATCH-26JUN24KESKAL,WTA_MAIN,2.0,,2.0,,,trim,False
KXWTAMATCH-26JUN24KORLAZ,WTA_MAIN,106.3,187.1,106.3,187.1,167.1,trim,True
KXWTAMATCH-26JUN24KRUHON,WTA_MAIN,115.5,198.0,115.5,198.0,178.0,trim,True
KXWTAMATCH-26JUN24KUDNGO,WTA_MAIN,181.0,,181.0,,,trim,False
KXWTAMATCH-26JUN24MARBIR,WTA_MAIN,6.3,32.0,6.3,32.0,12.0,trim,True
KXWTAMATCH-26JUN24MARZAK,WTA_MAIN,10.0,9.0,10.0,9.0,-11.0,trim,True
KXWTAMATCH-26JUN24MIKBRO,WTA_MAIN,151.1,177.1,151.1,177.1,157.1,trim,True
KXWTAMATCH-26JUN24MONKAL,WTA_MAIN,-1022.0,,-1022.0,,,EXTEND,False
KXWTAMATCH-26JUN24MUCBEG,WTA_MAIN,81.0,70.1,81.0,70.1,50.1,trim,True
KXWTAMATCH-26JUN24OSTUDV,WTA_MAIN,-12.0,16.0,-12.0,16.0,-4.0,trim,True
KXWTAMATCH-26JUN24PRILAM,WTA_MAIN,120.0,174.0,120.0,174.0,154.0,trim,True
KXWTAMATCH-26JUN24PROWAT,WTA_MAIN,115.0,187.0,115.0,187.0,167.0,trim,True
KXWTAMATCH-26JUN24QUELIU,WTA_MAIN,93.3,154.1,93.3,154.1,134.1,trim,True
KXWTAMATCH-26JUN24RAKZHU,WTA_MAIN,49.0,,49.0,,,trim,False
KXWTAMATCH-26JUN24RIECRA,WTA_MAIN,106.0,198.0,106.0,198.0,178.0,trim,True
KXWTAMATCH-26JUN24SASHUN,WTA_MAIN,91.0,91.0,91.0,91.0,71.0,trim,True
KXATPCHALLENGERMATCH-26JUN24AJDAGA,ATP_CHALL,38.0,90.1,38.0,90.1,70.1,trim,True
KXATPCHALLENGERMATCH-26JUN24ANGBLA,ATP_CHALL,53.0,98.1,53.0,98.1,78.1,trim,True
KXATPCHALLENGERMATCH-26JUN24BERCOM,ATP_CHALL,31.0,81.2,31.0,81.2,61.2,trim,True
KXATPCHALLENGERMATCH-26JUN24ERHMON,ATP_CHALL,90.2,204.0,90.2,204.0,184.0,trim,True
KXATPCHALLENGERMATCH-26JUN24GUEALC,ATP_CHALL,118.1,,118.1,,,trim,False
KXATPCHALLENGERMATCH-26JUN24GUICRE,ATP_CHALL,-140.8,25.0,-140.8,25.0,5.0,trim,True
KXATPCHALLENGERMATCH-26JUN24HASNAG,ATP_CHALL,14.0,58.0,14.0,58.0,38.0,trim,True
KXATPCHALLENGERMATCH-26JUN24KOPVAS,ATP_CHALL,22.0,121.1,22.0,121.1,101.1,trim,True
KXATPCHALLENGERMATCH-26JUN24MARNES,ATP_CHALL,11.0,50.0,11.0,50.0,30.0,trim,True
KXATPCHALLENGERMATCH-26JUN24MCDPAS,ATP_CHALL,10.0,12.0,10.0,12.0,-8.0,trim,True
KXATPCHALLENGERMATCH-26JUN24MICSEL,ATP_CHALL,83.4,,83.4,,,trim,False
KXATPCHALLENGERMATCH-26JUN24MOLBAL,ATP_CHALL,-877.5,,-877.5,,,EXTEND,False
KXATPCHALLENGERMATCH-26JUN24NEDGIM,ATP_CHALL,214.0,233.1,214.0,233.1,213.1,trim,True
KXATPCHALLENGERMATCH-26JUN24SANDAL,ATP_CHALL,-633.9,91.0,-633.9,91.0,71.0,EXTEND,True
KXATPCHALLENGERMATCH-26JUN24TOPKRU,ATP_CHALL,15.0,40.1,15.0,40.1,20.1,trim,True
KXATPCHALLENGERMATCH-26JUN24VASMIL,ATP_CHALL,-592.5,121.0,-592.5,121.0,101.0,EXTEND,True
KXATPCHALLENGERMATCH-26JUN25ABOCAS,ATP_CHALL,561.2,1056.0,561.2,1056.0,1036.0,trim,True
KXATPCHALLENGERMATCH-26JUN25HARLEI,ATP_CHALL,29.2,1208.0,29.2,1208.0,1188.0,trim,True
KXATPCHALLENGERMATCH-26JUN25RODLA,ATP_CHALL,1126.0,1153.0,1126.0,1153.0,1133.0,trim,True
KXATPCHALLENGERMATCH-26JUN25SOTVIL,ATP_CHALL,1140.0,263.0,1140.0,263.0,243.0,trim,True
KXATPCHALLENGERMATCH-26JUN25TORAGU,ATP_CHALL,1015.0,1026.0,1015.0,1026.0,1006.0,trim,True
KXATPCHALLENGERMATCH-26JUN26ANDSEY,ATP_CHALL,54.0,74.0,54.0,74.0,54.0,trim,True
KXITFMATCH-26JUN24ALASIC,ITF_M,10.0,,10.0,,,trim,False
KXITFMATCH-26JUN24ALHSEN,ITF_M,-18.0,,-18.0,,,trim,False
KXITFMATCH-26JUN24ANATEP,ITF_M,-168.0,,-168.0,,,trim,False
KXITFMATCH-26JUN24AZOABI,ITF_M,93.0,,93.0,,,trim,False
KXITFMATCH-26JUN24BARMOR,ITF_M,157.6,249.3,157.6,249.3,229.3,trim,True
KXITFMATCH-26JUN24BARVUK,ITF_M,36.1,,36.1,,,trim,False
KXITFMATCH-26JUN24BAUSLA,ITF_M,52.1,,52.1,,,trim,False
KXITFMATCH-26JUN24BENFER,ITF_M,44.0,,44.0,,,trim,False
KXITFMATCH-26JUN24BENPER,ITF_M,125.2,,125.2,,,trim,False
KXITFMATCH-26JUN24BERPLU,ITF_M,133.1,212.0,133.1,212.0,192.0,trim,True
KXITFMATCH-26JUN24BERRAD,ITF_M,57.1,,57.1,,,trim,False
KXITFMATCH-26JUN24BIDRAT,ITF_M,47.7,126.0,47.7,126.0,106.0,trim,True
KXITFMATCH-26JUN24BIETSI,ITF_M,59.2,155.0,59.2,155.0,135.0,trim,True
KXITFMATCH-26JUN24BILPUR,ITF_M,71.0,164.0,71.0,164.0,144.0,trim,True
KXITFMATCH-26JUN24BITSEL,ITF_M,16.1,,16.1,,,trim,False
KXITFMATCH-26JUN24BORCUE,ITF_M,37.5,,37.5,,,trim,False
KXITFMATCH-26JUN24BOUBLA,ITF_M,62.1,195.1,62.1,195.1,175.1,trim,True
KXITFMATCH-26JUN24BOZNOC,ITF_M,97.6,,97.6,,,trim,False
KXITFMATCH-26JUN24BRAKAR,ITF_M,-29.8,,-29.8,,,trim,False
KXITFMATCH-26JUN24BROAGG,ITF_M,7.2,,7.2,,,trim,False
KXITFMATCH-26JUN24BRONOV,ITF_M,176.7,,176.7,,,trim,False
KXITFMATCH-26JUN24BYNGRU,ITF_M,59.0,77.0,59.0,77.0,57.0,trim,True
KXITFMATCH-26JUN24CARBER,ITF_M,31.0,,31.0,,,trim,False
KXITFMATCH-26JUN24COUECH,ITF_M,11.2,,11.2,,,trim,False
KXITFMATCH-26JUN24DAGIAN,ITF_M,93.1,210.0,93.1,210.0,190.0,trim,True
KXITFMATCH-26JUN24DEDGUI,ITF_M,98.4,,98.4,,,trim,False
KXITFWMATCH-26JUN24ABEGUT,ITF_W,38.0,,38.0,,,trim,False
KXITFWMATCH-26JUN24AHNTAB,ITF_W,96.7,,96.7,,,trim,False
KXITFWMATCH-26JUN24AHNZHU,ITF_W,24.4,43.1,24.4,43.1,23.1,trim,True
KXITFWMATCH-26JUN24AKSLOP,ITF_W,-297.8,98.7,-297.8,98.7,78.7,EXTEND,True
KXITFWMATCH-26JUN24ALVCAP,ITF_W,9.0,41.0,9.0,41.0,21.0,trim,True
KXITFWMATCH-26JUN24ANGION,ITF_W,89.1,,89.1,,,trim,False
KXITFWMATCH-26JUN24ARIKAS,ITF_W,50.0,,50.0,,,trim,False
KXITFWMATCH-26JUN24AROALL,ITF_W,9.2,85.1,9.2,85.1,65.1,trim,True
KXITFWMATCH-26JUN24ARSEKS,ITF_W,115.3,123.0,115.3,123.0,103.0,trim,True
KXITFWMATCH-26JUN24ATAVAS,ITF_W,15.0,123.2,15.0,123.2,103.2,trim,True
KXITFWMATCH-26JUN24BALVAN,ITF_W,74.4,,74.4,,,trim,False
KXITFWMATCH-26JUN24BARPOP,ITF_W,-354.8,,-354.8,,,EXTEND,False
KXITFWMATCH-26JUN24BOYSIM,ITF_W,-11.8,,-11.8,,,trim,False
KXITFWMATCH-26JUN24BREVAL,ITF_W,81.1,,81.1,,,trim,False
KXITFWMATCH-26JUN24BRIZEB,ITF_W,50.8,143.0,50.8,143.0,123.0,trim,True
KXITFWMATCH-26JUN24BROKAZ,ITF_W,106.1,302.0,106.1,302.0,282.0,trim,True
KXITFWMATCH-26JUN24BULEWA,ITF_W,30.4,85.0,30.4,85.0,65.0,trim,True
KXITFWMATCH-26JUN24CANDEL,ITF_W,101.2,141.1,101.2,141.1,121.1,trim,True
KXITFWMATCH-26JUN24CATKHA,ITF_W,10.3,,10.3,,,trim,False
KXITFWMATCH-26JUN24CCUGON,ITF_W,105.4,114.0,105.4,114.0,94.0,trim,True
KXITFWMATCH-26JUN24CHASAT,ITF_W,-555.9,215.0,-555.9,215.0,195.0,EXTEND,True
KXITFWMATCH-26JUN24CHIFET,ITF_W,20.0,,20.0,,,trim,False
KXITFWMATCH-26JUN24CLAGET,ITF_W,-36.0,,-36.0,,,trim,False
KXITFWMATCH-26JUN24DAESOU,ITF_W,90.4,,90.4,,,trim,False
KXITFWMATCH-26JUN24DANCHA,ITF_W,64.2,138.0,64.2,138.0,118.0,trim,True
KXITFWMATCH-26JUN24DELATT,ITF_W,41.2,,41.2,,,trim,False
KXITFWMATCH-26JUN24DESMOO,ITF_W,25.1,,25.1,,,trim,False
KXITFWMATCH-26JUN24ESTZAM,ITF_W,99.5,,99.5,,,trim,False
